<?xml version="1.0" encoding="UTF-8"?>
<beans xmlns="http://www.springframework.org/schema/beans"
       xmlns:xsi="http://www.w3.org/2001/XMLSchema-instance" xmlns:aop="http://www.springframework.org/schema/aop"
       xmlns:context="http://www.springframework.org/schema/context" xmlns:tx="http://www.springframework.org/schema/tx"
       xsi:schemaLocation="http://www.springframework.org/schema/beans
           http://www.springframework.org/schema/beans/spring-beans-4.0.xsd
           http://www.springframework.org/schema/context
           http://www.springframework.org/schema/context/spring-context-4.0.xsd
           http://www.springframework.org/schema/tx  
           http://www.springframework.org/schema/tx/spring-tx.xsd">

    <context:component-scan base-package="com.cg.simulator" />



    <bean id="yamlProperties" class="org.springframework.beans.factory.config.YamlMapFactoryBean">
        <property name="resources" value="classpath:/application.yml"/>
    </bean>

	<context:property-placeholder location="classpath:/application.properties" order="1" ignore-unresolvable="true" /> 
	<!-- <context:property-placeholder location="classpath:/dbqueries.properties" order="2" ignore-unresolvable="true" /> -->
    
    <!-- <bean id="multipartResolver" class="org.springframework.web.multipart.commons.CommonsMultipartResolver"/> -->

 	 <!--<bean id="dbConfig" class="org.apache.commons.dbcp.BasicDataSource" destroy-method="close">
	        <property name="driverClassName" value="${spring.datasource.driverClassName}"/>   
	        <property name="url" value="${spring.datasource.url}"/>
	        <property name="username" value="${spring.datasource.username}"/>
	        <property name="password" value="${spring.datasource.password}"/>
	        <property name="defaultAutoCommit"><value>false</value></property>
	    </bean>
	
	<bean id="jdbcTemplate" class="org.springframework.jdbc.core.JdbcTemplate">
	  <property name="dataSource" ref="dbConfig"></property>
	</bean>
    
    <bean id="analysisProcessesDAO" class="com.ge.og.pii.ap.rest.dao.impl.AnalysisProcessesDAOImpl">
       <property name="jdbcTemplate" ref="jdbcTemplate"></property>
    </bean>
     <bean id="rivisionDao" class="com.ge.og.pii.ap.rest.dao.impl.RevisionDAOImpl">
       <property name="jdbcTemplate" ref="jdbcTemplate"></property>
    </bean> --> 
    <!-- <bean id="analysisProcesseskanaService" class="com.ge.og.ap.rest.akana.impl.AnalysisProcessesAkanaServiceImpl">
       <property name="jdbcTemplate" ref="jdbcTemplate"></property>
    </bean> -->

    
    <!-- spring sec -->
    <!-- This section shows how to enable authentication and authorization using values, like: IS_ACS_AUTHORIZED  -->
    <!-- <http pattern="/**" request-matcher="ant" xmlns="http://www.springframework.org/schema/security"
          disable-url-rewriting="true"
          use-expressions="true"
          entry-point-ref="preAuthenticationEntryPoint" >
        <expression-handler ref="acsExpressionHandler" />

        <intercept-url pattern="/**" access="isFullyAuthenticated()"/>
        <intercept-url pattern="/**" access="isAcsAuthorized()" />

        <anonymous enabled="false" />
        <custom-filter ref="oauth2ServiceFilter" position="PRE_AUTH_FILTER" />
    </http> -->


    <!-- ************************************* -->
    <!--  OAuth2 Related Configuration : Begin -->
    <!-- <oauth:resource-server id="oauth2ServiceFilter" token-services-ref="remoteTokenServices" /> -->

    <!-- This component is used by spring security to validate authentication tokens in requests -->
    <!-- <bean id="remoteTokenServices"
          class="org.cloudfoundry.identity.uaa.oauth.FastRemoteTokenServices">
        <property name="useHttps" value="true" />
        <property name="storeClaims" value="true" />
        <property name="trustedIssuerIdsRegex" value="${trustedIssuerIdsRegexPattern}" />
    </bean> 

    <bean id="preAuthenticationEntryPoint" class="org.springframework.security.oauth2.provider.error.OAuth2AuthenticationEntryPoint"/>

    <oauth:client id="oauth2ClientFilter" />-->
    <!--  OAuth2 Related Configuration : End -->
    <!-- *********************************** -->


    <!-- ***************************************** -->
    <!--  Predix ACS Related Configuration : Begin -->

    <!-- The following template is used by acs spring security extension to communicate with ACS service -->
    <!-- <bean id="acsPolicyEvalTemplate"
          class="org.springframework.security.oauth2.client.OAuth2RestTemplate">
        <constructor-arg>
            <bean class="org.springframework.security.oauth2.client.token.grant.client.ClientCredentialsResourceDetails">
                <property name="clientId" value="${clientId}" />
                <property name="clientSecret" value="${clientSecret}" />
                <property name="accessTokenUri" value="${accessTokenEndpointUrl}" />
            </bean>
        </constructor-arg>
        <property name="requestFactory">
            <bean
                    class="org.springframework.http.client.HttpComponentsClientHttpRequestFactory">
                <constructor-arg ref="httpClient" />
            </bean>
        </property>
    </bean>

    <import resource="classpath:acs-spring-config.xml" />
    
    <bean id="httpClient" class="org.apache.http.impl.client.DefaultHttpClient">
        <constructor-arg>
            <bean
                    class="org.apache.http.impl.conn.PoolingClientConnectionManager" />
        </constructor-arg>
    </bean> -->

    <!--  Predix ACS Related Configuration : End -->
    <!-- ***************************************** -->
    
</beans>